S1,UK01
S1,UK02
S1,UK03
S1,UK04
S1,UK05
S1,UK06
S1,UK07
S1,UK08
S1,UK09
S1,UK10
S1,OPK1
S1,OPK2
S1,OPK3
S1,OPK4
S1,OPK5
S1,OPK6
S1,PK0501
S1,PK0502
S1,PK0503
S1,PK0504
S1,PK0505
S1,PK0506
S1,PK0507
S1,PK0508
S1,PK0509
S1,PK0510
S1,PK0511
S1,PK0512
S1,PK0513
S1,PK0514
S1,PK0515
S1,PK0516
S1,PK0517
S1,PK0518
S1,PK0535
S1,PK0536
S1,PK0537
S1,PK0538
S1,PK0539
S1,PK0540
S1,PK0541
S1,PK0542
S1,PK0543
S1,PK0544
S1,PK0545
S1,PK0546
S1,PK0547
S1,PK0548
S1,PK0549
S1,PK0550
S1,PK0551
S1,PK0552
S1,PK0572
S1,PK0573
S1,PK0574
S1,PK0575
S1,PK0576
S1,PK0577
S1,PK0578
S1,PK0579
S1,PK0580
S1,PK0581
S1,PK0582
S1,PK0563
S1,PK0564
S1,PK0565
S1,PK0566
S2,UK01
S2,UK02
S2,UK03
S2,UK04
S2,UK05
S2,UK06
S2,UK07
S2,UK08
S2,UK09
S2,UK10
S2,OPK1
S2,OPK2
S2,OPK3
S2,OPK4
S2,OPK5
S2,OPK6
S2,PK0601
S2,PK0602
S2,PK0603
S2,PK0604
S2,PK0605
S2,PK0606
S2,PK0607
S2,PK0608
S2,PK0609
S2,PK0610
S3,UK01
S3,UK02
S3,UK03
S3,UK04
S3,UK05
S3,UK06
S3,UK07
S3,UK08
S3,UK09
S3,UK10
S3,OPK1
S3,OPK2
S3,OPK3
S3,OPK4
S3,OPK5
S3,OPK6
S3,PK0701
S3,PK0702
S3,PK0703
S3,PK0704
S3,PK0705
S3,PK0706
S3,PK0707
S3,PK0708
S3,PK0709
S3,PK0710
S3,PK0711
S3,PK0712
S3,PK0713
S3,PK0714
S3,PK0715
S3,PK0716
S3,PK0717
S3,PK0718
S3,PK0719
S3,PK0720
S3,PK0721
S3,PK0722
S3,PK0723
S3,PK0724
S3,PK0725
S3,PK0726
S3,PK0727
S3,PK0728
