PK0501,AII1,AII2
PK0502,AII1,AII2
PK0503,AII1,AVIII2
PK0504,AII1,AII2
PK0505,AII1,AII2
PK0506,AII1,AII2
PK0507,AII1,AII2
PK0508,AII1
PK0509,AII1,AII2
PK0510,AII1,AII2
PK0511,AII1,AII2,AVI14
PK0512,AII1,AII2
PK0513,AIII1
PK0514,AII1,AII2
PK0515,AII1,AII2
PK0516,AII1,AII2
PK0517,AII1,AII2,AVI2
PK0518,AII1,AII2
PK0535,AVI2
PK0536,AVI2
PK0537,AII1,AII2
PK0538,AII1,AII2,AVI1
PK0539,AII1,AII2,AVI14
PK0540,AVI3
PK0541,AVI2
PK0542,AVI4
PK0543,AVI4
PK0544,AIV2
PK0545,AII1,AII2,AVI1
PK0546,AVI1
PK0547,AIV2
PK0548,AVI6
PK0549,AVI6
PK0550,AVI6
PK0551,AVI6
PK0552,AVI6
PK0563,AII1,AII2
PK0564,AII1,AII2,AVI1
PK0565,AII1,AII2
PK0566,AII1,AII2
PK0572,AII1,AII2
PK0573,AII1,AII2
PK0574,AII1,AII2
PK0575,AII1,AII2
PK0576,AII1,AII2,AV1
PK0577,AII1,AII2
PK0578,AII1,AII2
PK0579,AII1,AII2
PK0580,AII1,AII2
PK0581,AII1,AII2
PK0582,AII1,AII2